Epoch,Train AUC,Test AUC
0,0.5530927,0.54481804
100,0.78374547,0.76719177
200,0.8213229,0.804472
300,0.84125084,0.82439697
400,0.8538554,0.837212
500,0.8625079,0.8461643
