Epoch,Train AUC,Test AUC
0,0.61070794,0.603231
100,0.83522075,0.82159597
200,0.8587664,0.8453979
300,0.8716195,0.85896015
400,0.88085043,0.869173
500,0.8883701,0.877839
600,0.8932068,0.883344
700,0.8961368,0.88669384
800,0.8980787,0.88885707
900,0.8995482,0.8904421
1000,0.90071285,0.89178234
